"K","n","p","n_rep","info_gain_mean","info_gain_sd","info_gain_mcse","delta_tr_mean","delta_tr_sd","delta_tr_mcse","radius_prop_mean","radius_prop_sd","radius_prop_mcse","mean_eta_B_waba_mean","mean_eta_B_waba_sd","mean_eta_B_waba_mcse","mean_E_waba_mean","mean_E_waba_sd","mean_E_waba_mcse","mean_eta_B_int_mean","mean_eta_B_int_sd","mean_eta_B_int_mcse","mean_E_int_mean","mean_E_int_sd","mean_E_int_mcse","mean_delta_eta_mean","mean_delta_eta_sd","mean_delta_eta_mcse","mean_pi_R_mean","mean_pi_R_sd","mean_pi_R_mcse","mean_E_R_het_int_mean","mean_E_R_het_int_sd","mean_E_R_het_int_mcse","mean_r_R_billard_mean","mean_r_R_billard_sd","mean_r_R_billard_mcse","mean_r_R_het_signed_mean","mean_r_R_het_signed_sd","mean_r_R_het_signed_mcse","prop_r_R_het_positive_mean","prop_r_R_het_positive_sd","prop_r_R_het_positive_mcse","prop_r_R_het_negative_mean","prop_r_R_het_negative_sd","prop_r_R_het_negative_mcse","prop_r_R_het_undefined_mean","prop_r_R_het_undefined_sd","prop_r_R_het_undefined_mcse","level5_mode","scenario","level5_note","equivocal_within_deg","equivocal_between_deg","equivocal_within_threshold","equivocal_between_threshold"
2,100,2,100,474.77775470731,1908.96521270547,190.896521270547,0.656759188758314,0.0685738246436725,0.00685738246436725,0.973523443115207,0.0315630892634518,0.00315630892634518,0.0753878561520406,0.04580608029185,0.004580608029185,0.0762048865548643,0.0473275602936506,0.00473275602936506,0.505219531578192,0.00660348509973646,0.000660348509973646,0.585553285927646,0.0107165945099197,0.00107165945099197,0.429831675426152,0.0398218289723735,0.00398218289723735,0.973618420921202,0.0309326351684255,0.00309326351684255,0.0330581427388748,0.0178320935930369,0.00178320935930369,0.995640080817424,0.00665782856835813,0.000665782856835813,NA,NA,NA,0.53,0.501613558046592,0.0501613558046592,0.47,0.501613558046592,0.0501613558046592,0,0,0,"k2_sign_only","complete_null","K=2 sign-only: P(+)=0.53, P(-)=0.47, undef=0.00",37.5,52.5,0.76732698797896,1.30322537284121
2,100,5,100,119.224314250801,663.193024292244,66.3193024292245,1.63901139974707,0.135752400173958,0.0135752400173958,0.969539303674813,0.0237907304506467,0.00237907304506467,0.0796755924253978,0.0338604526412611,0.0033860452641261,0.0805865693301927,0.0348721140049362,0.00348721140049362,0.505820456606892,0.00467631173997213,0.000467631173997213,0.586487213731098,0.00751108470824059,0.000751108470824059,0.426144864181494,0.0294943575328708,0.00294943575328708,0.970546938831307,0.022377796125488,0.0022377796125488,0.0320626813927556,0.0116752855577991,0.00116752855577991,0.996045563005499,0.00297948300316753,0.000297948300316753,NA,NA,NA,0.538,0.187907133736564,0.0187907133736564,0.462,0.187907133736564,0.0187907133736564,0,0,0,"k2_sign_only","complete_null","K=2 sign-only: P(+)=0.54, P(-)=0.46, undef=0.00",37.5,52.5,0.76732698797896,1.30322537284121
2,100,10,100,46.9648748197593,31.5604308747481,3.15604308747481,3.27316857987116,0.233497638653985,0.0233497638653985,0.970744818838012,0.0180211767058354,0.00180211767058354,0.0794482309740788,0.0266250221611349,0.00266250221611349,0.0802714426058541,0.027345437081333,0.0027345437081333,0.505563645373728,0.00349173906576107,0.000349173906576107,0.586065713850639,0.00556957455400601,0.000556957455400601,0.426115414399649,0.0232823598064804,0.00232823598064804,0.971705593759118,0.0169745289491659,0.00169745289491659,0.0321444926704987,0.00806284260803488,0.000806284260803488,0.995883495145603,0.00183567506534625,0.000183567506534625,NA,NA,NA,0.546666666666667,0.124271163630139,0.0124271163630139,0.453333333333333,0.124271163630139,0.0124271163630139,0,0,0,"k2_sign_only","complete_null","K=2 sign-only: P(+)=0.55, P(-)=0.45, undef=0.00",37.5,52.5,0.76732698797896,1.30322537284121
2,100,50,100,40.0697959787528,15.103951675321,1.5103951675321,16.34610182035,0.984377753786086,0.0984377753786086,0.969907465024352,0.01611086419219,0.001611086419219,0.0808675539394454,0.023392745348846,0.0023392745348846,0.0817231327970482,0.0240833503941671,0.00240833503941671,0.505735415964228,0.00317446873773691,0.000317446873773691,0.58633640553224,0.00505568243605734,0.000505568243605734,0.424867862024782,0.0202573380691894,0.00202573380691894,0.970849073910421,0.0154668901295655,0.00154668901295655,0.0327388165243805,0.00404109708393105,0.000404109708393105,0.995583932087769,0.000795234842012655,7.95234842012655e-05,NA,NA,NA,0.545371428571429,0.0687427726439778,0.00687427726439778,0.454628571428571,0.0687427726439778,0.00687427726439778,0,0,0,"k2_sign_only","complete_null","K=2 sign-only: P(+)=0.55, P(-)=0.45, undef=0.00",37.5,52.5,0.76732698797896,1.30322537284121
2,200,2,100,696.55902707034,3326.62118012834,332.662118012834,0.668872125185594,0.0511428603606156,0.00511428603606156,0.987214290389147,0.0103875125456518,0.00103875125456518,0.0533640439781679,0.0263117438123823,0.00263117438123823,0.0535799813751519,0.0265313864927962,0.00265313864927962,0.502436074416111,0.00201207775935022,0.000201207775935022,0.581124148653104,0.00313311238588666,0.000313311238588666,0.449072030437943,0.024419466850564,0.0024419466850564,0.987240272794238,0.0103863299320616,0.00103863299320616,0.0228541102374334,0.0121828158688435,0.00121828158688435,0.99759222136232,0.00364269237428541,0.000364269237428541,NA,NA,NA,0.58,0.496044963748858,0.0496044963748858,0.42,0.496044963748858,0.0496044963748858,0,0,0,"k2_sign_only","complete_null","K=2 sign-only: P(+)=0.58, P(-)=0.42, undef=0.00",37.5,52.5,0.76732698797896,1.30322537284121
2,200,5,100,125.24652146385,118.116579276168,11.8116579276168,1.66605231669415,0.0918208009483781,0.00918208009483781,0.986625419424771,0.00895076061907927,0.000895076061907927,0.0538671698780912,0.0198117296955667,0.00198117296955667,0.0541095230805483,0.0200249988169431,0.00200249988169431,0.502538644215841,0.00170826096524792,0.000170826096524792,0.581287589514919,0.00266597488997925,0.000266597488997925,0.44867147433775,0.0181832889550685,0.00181832889550685,0.986745565918122,0.00876299937664352,0.000876299937664352,0.0229485768309102,0.00849455877593072,0.000849455877593072,0.997937262895839,0.0016967698913815,0.00016967698913815,NA,NA,NA,0.588,0.230624974336863,0.0230624974336863,0.412,0.230624974336863,0.0230624974336863,0,0,0,"k2_sign_only","complete_null","K=2 sign-only: P(+)=0.59, P(-)=0.41, undef=0.00",37.5,52.5,0.76732698797896,1.30322537284121
2,200,10,100,94.0833721330399,52.0274606991387,5.20274606991387,3.34056007626705,0.152435656689645,0.0152435656689645,0.985976962013231,0.00791544983451582,0.000791544983451582,0.0553417286308724,0.0163024559226789,0.00163024559226789,0.0555998595036957,0.0164995786782937,0.00164995786782937,0.502657391908171,0.00150751712460522,0.000150751712460522,0.581472811201906,0.00235387179009073,0.000235387179009073,0.447315663277299,0.0148566353060589,0.00148566353060589,0.986135448678068,0.00772122234634396,0.000772122234634396,0.0231977740816806,0.00619300972416905,0.000619300972416905,0.997747551663963,0.00104460898132253,0.000104460898132253,NA,NA,NA,0.542666666666667,0.117596582556451,0.0117596582556451,0.457333333333333,0.117596582556451,0.0117596582556451,0,0,0,"k2_sign_only","complete_null","K=2 sign-only: P(+)=0.54, P(-)=0.46, undef=0.00",37.5,52.5,0.76732698797896,1.30322537284121
2,200,50,100,79.8285295694175,27.9736780151446,2.79736780151446,16.6463656439691,0.628773035121461,0.0628773035121461,0.985636302081251,0.00592221600052491,0.000592221600052491,0.0558125355150999,0.0121652473555921,0.00121652473555921,0.0560822998151169,0.0123209179127691,0.00123209179127691,0.50271337403119,0.00112427890004246,0.000112427890004246,0.581561347875754,0.00175568555414005,0.000175568555414005,0.44690083851609,0.0110558836620435,0.00110558836620435,0.985858784652093,0.00575715476394359,0.000575715476394359,0.0237389618414988,0.00351440318160743,0.000351440318160743,0.997734472974263,0.000416093423960793,4.16093423960793e-05,NA,NA,NA,0.548938775510204,0.0621007180791434,0.00621007180791434,0.451061224489796,0.0621007180791434,0.00621007180791434,0,0,0,"k2_sign_only","complete_null","K=2 sign-only: P(+)=0.55, P(-)=0.45, undef=0.00",37.5,52.5,0.76732698797896,1.30322537284121
2,500,2,100,767.274239602205,2775.83877552976,277.583877552976,0.66364435752388,0.02920725577436,0.002920725577436,0.993797920978011,0.00522421279162375,0.000522421279162375,0.037190321205287,0.0171000818487119,0.00171000818487119,0.0372624947091703,0.0171802518264026,0.00171802518264026,0.501169011595104,0.000990685715050715,9.90685715050715e-05,0.579155654783581,0.00153469774064326,0.000153469774064326,0.463978690389817,0.0161677292165679,0.00161677292165679,0.993821991745585,0.00518887568792446,0.000518887568792446,0.0133792464457536,0.00633016253894886,0.000633016253894886,0.999406886161207,0.000873048276713367,8.73048276713367e-05,NA,NA,NA,0.66,0.476095228569523,0.0476095228569523,0.34,0.476095228569523,0.0476095228569523,0,0,0,"k2_sign_only","complete_null","K=2 sign-only: P(+)=0.66, P(-)=0.34, undef=0.00",37.5,52.5,0.76732698797896,1.30322537284121
2,500,5,100,248.641238043719,161.882881575621,16.1882881575621,1.65763882954993,0.0603787625098051,0.00603787625098051,0.99422901949777,0.00347421141419095,0.000347421141419095,0.0358208112281233,0.0119528126846525,0.00119528126846525,0.0358855596067612,0.0120025244151227,0.00120025244151227,0.501089206986205,0.000654607279769568,6.54607279769568e-05,0.579031974365355,0.00101285467087103,0.000101285467087103,0.465268395758082,0.0113252931204182,0.00113252931204182,0.994239473714011,0.00344044754982936,0.000344044754982936,0.013691368080196,0.00488504390116097,0.000488504390116097,0.999267583283602,0.000536138218898341,5.36138218898341e-05,NA,NA,NA,0.55,0.178376517003169,0.0178376517003169,0.45,0.178376517003169,0.0178376517003169,0,0,0,"k2_sign_only","complete_null","K=2 sign-only: P(+)=0.55, P(-)=0.45, undef=0.00",37.5,52.5,0.76732698797896,1.30322537284121
2,500,10,100,223.834606554968,139.264082293995,13.9264082293995,3.3104621347903,0.0940114483304962,0.00940114483304962,0.99388058524351,0.00343981806396549,0.000343981806396549,0.0363712434170022,0.0107044530877781,0.00107044530877781,0.0364464570737627,0.0107605495513773,0.00107605495513773,0.501157871131178,0.000652137534986672,6.52137534986672e-05,0.579139265948421,0.00101127019947794,0.000101127019947794,0.464786627714175,0.0100863609690368,0.00100863609690368,0.99388869384319,0.00340633556058072,0.000340633556058072,0.0142572034150465,0.00385810148034548,0.000385810148034548,0.999184650035529,0.000427539403287037,4.27539403287037e-05,NA,NA,NA,0.552888888888889,0.131346210113144,0.0131346210113144,0.447111111111111,0.131346210113144,0.0131346210113144,0,0,0,"k2_sign_only","complete_null","K=2 sign-only: P(+)=0.55, P(-)=0.45, undef=0.00",37.5,52.5,0.76732698797896,1.30322537284121
2,500,50,100,201.585248152291,75.1814204036565,7.51814204036565,16.6358635820107,0.376574998276298,0.0376574998276298,0.994134000568414,0.00274059921060998,0.000274059921060998,0.0352647574139021,0.00885431656710621,0.000885431656710621,0.0353349736134559,0.00889986048854305,0.000889986048854305,0.501104889918607,0.000518470359045962,5.18470359045962e-05,0.579057048898898,0.000803019167020011,8.03019167020011e-05,0.465840132504705,0.00834286587030242,0.000834286587030242,0.994164973640275,0.00271706724939567,0.000271706724939567,0.0144165876901038,0.0017782516913633,0.00017782516913633,0.999135150557909,0.000163466095725197,1.63466095725197e-05,NA,NA,NA,0.540751020408163,0.0593603578239989,0.00593603578239989,0.459248979591837,0.0593603578239989,0.00593603578239989,0,0,0,"k2_sign_only","complete_null","K=2 sign-only: P(+)=0.54, P(-)=0.46, undef=0.00",37.5,52.5,0.76732698797896,1.30322537284121
2,1000,2,100,2646.12921646856,7324.7876040183,732.47876040183,0.667828470635664,0.0220341146979925,0.00220341146979925,0.997309740359643,0.00278837870109402,0.000278837870109402,0.0246573930669963,0.0143575225201857,0.00143575225201857,0.0246774794104723,0.0143843813407593,0.00143843813407594,0.500505233785283,0.00052726981901611,5.2726981901611e-05,0.578129123006284,0.000813661513760383,8.13661513760383e-05,0.475847840718287,0.0138536592446153,0.00138536592446153,0.997315678180978,0.00279284241016326,0.000279284241016326,0.0106723768147021,0.00600881500051979,0.000600881500051979,0.999611355167607,0.000493327836848093,4.93327836848093e-05,NA,NA,NA,0.56,0.498887651569859,0.0498887651569859,0.44,0.498887651569859,0.0498887651569859,0,0,0,"k2_sign_only","complete_null","K=2 sign-only: P(+)=0.56, P(-)=0.44, undef=0.00",37.5,52.5,0.76732698797896,1.30322537284121
2,1000,5,100,646.642341187015,667.177056127087,66.7177056127087,1.66503452355909,0.0439244107888641,0.00439244107888641,0.997086669759214,0.00232236070167237,0.000232236070167237,0.0249033224130983,0.0106609828864717,0.00106609828864717,0.0249272874299395,0.0106859803187289,0.00106859803187289,0.500546686668892,0.000437335607842196,4.37335607842196e-05,0.578193267005459,0.000675201064093585,6.75201064093585e-05,0.475643364255793,0.010241001835471,0.0010241001835471,0.997097901241782,0.00231320054578048,0.000231320054578048,0.0104635690066945,0.0039462391854724,0.00039462391854724,0.999570407692758,0.000306596166050451,3.06596166050451e-05,NA,NA,NA,0.522,0.190469913316481,0.0190469913316481,0.478,0.190469913316481,0.0190469913316481,0,0,0,"k2_sign_only","complete_null","K=2 sign-only: P(+)=0.52, P(-)=0.48, undef=0.00",37.5,52.5,0.76732698797896,1.30322537284121
2,1000,10,100,474.849597136855,290.065447705799,29.0065447705799,3.32712017014626,0.0746192273421201,0.00746192273421201,0.997086870780863,0.00176444286876099,0.000176444286876099,0.0250671384610361,0.00840315572397255,0.000840315572397255,0.0250907633305238,0.00842207544787412,0.000842207544787412,0.500546975540383,0.000332763277005694,3.32763277005694e-05,0.578193674024366,0.000513723460635229,5.13723460635229e-05,0.475479837079347,0.00808140189706497,0.000808140189706497,0.997095974716283,0.00176038378198425,0.000176038378198425,0.0102772634509521,0.00297626415984383,0.000297626415984383,0.999588910044629,0.0002057320949944,2.057320949944e-05,NA,NA,NA,0.537555555555556,0.112547173188811,0.0112547173188811,0.462444444444444,0.112547173188811,0.0112547173188811,0,0,0,"k2_sign_only","complete_null","K=2 sign-only: P(+)=0.54, P(-)=0.46, undef=0.00",37.5,52.5,0.76732698797896,1.30322537284121
2,1000,50,100,399.551534497707,149.54427559498,14.954427559498,16.6349761101567,0.294295747983647,0.0294295747983647,0.996980967930824,0.00158926387658446,0.000158926387658446,0.0253471410135151,0.00716412152013909,0.000716412152013909,0.0253726637329763,0.00718289457361467,0.000718289457361467,0.500567579783149,0.000298844211883506,2.98844211883506e-05,0.578225580801337,0.000461520565363219,4.61520565363219e-05,0.475220438769634,0.00686869710728758,0.000686869710728758,0.996987953575296,0.00157933144831545,0.000157933144831545,0.010238448218267,0.00143056552875735,0.000143056552875735,0.999585512332364,7.7969066689622e-05,7.7969066689622e-06,NA,NA,NA,0.548285714285714,0.0676529842705876,0.00676529842705875,0.451714285714286,0.0676529842705876,0.00676529842705876,0,0,0,"k2_sign_only","complete_null","K=2 sign-only: P(+)=0.55, P(-)=0.45, undef=0.00",37.5,52.5,0.76732698797896,1.30322537284121
3,100,2,100,37.2237009391658,47.5271353120842,4.75271353120842,0.647119056180433,0.0650361678877328,0.00650361678877328,0.943577223654521,0.0400157993230892,0.00400157993230892,0.12398068296242,0.0491928498166741,0.00491928498166741,0.125895144323847,0.0510764173956663,0.00510764173956663,0.510934464153052,0.00801386396827749,0.000801386396827749,0.594572295775292,0.0128448870040904,0.00128448870040904,0.386953781190632,0.041446385023729,0.0041446385023729,0.94520757016315,0.0383584622375003,0.00383584622375003,0.0490889028455357,0.0176579526605551,0.00176579526605551,0.992288060123002,0.0069907199198492,0.00069907199198492,0.188163704018047,0.728165642213324,0.0728165642213324,0.61,0.490207130000197,0.0490207130000197,0.39,0.490207130000197,0.0490207130000197,0,0,0,"graded","complete_null","",37.5,52.5,0.76732698797896,1.30322537284121
3,100,5,100,23.8458044748147,14.9547581076534,1.49547581076534,1.62429037951373,0.121627176346396,0.0121627176346396,0.944099589121415,0.0295543394909727,0.00295543394909727,0.123483171097225,0.0349072819387353,0.00349072819387353,0.125340768337577,0.0363487734929217,0.00363487734929217,0.510769406076597,0.00585699820360788,0.000585699820360788,0.59430349481533,0.00940767096155851,0.000940767096155851,0.387286234979371,0.0292087307127384,0.00292087307127384,0.945951767151897,0.0278787425887242,0.00278787425887242,0.0488138373667851,0.0131101159901749,0.00131101159901749,0.992291501803252,0.00420146457813466,0.000420146457813466,0.116058277063192,0.328400593318793,0.0328400593318793,0.562,0.221464364281174,0.0221464364281174,0.438,0.221464364281174,0.0221464364281174,0,0,0,"graded","complete_null","",37.5,52.5,0.76732698797896,1.30322537284121
3,100,10,100,21.2245215172221,10.2153564308056,1.02153564308056,3.24513449392823,0.203458737057145,0.0203458737057145,0.94271702514307,0.0265122196016109,0.00265122196016109,0.125539974908886,0.0308853344837222,0.00308853344837222,0.127467009426314,0.0322260939991614,0.00322260939991614,0.511067078507189,0.00525427838057251,0.000525427838057251,0.594779553366301,0.00845548103555583,0.000845548103555583,0.385527103598303,0.0257255113648208,0.00257255113648208,0.944508404430509,0.0249223730217727,0.00249223730217727,0.0512870509716063,0.00859423683595542,0.000859423683595542,0.991154022605032,0.00317595880472643,0.000317595880472643,0.0945000012486957,0.169782681963077,0.0169782681963077,0.552888888888889,0.10906214028112,0.010906214028112,0.447111111111111,0.10906214028112,0.010906214028112,0,0,0,"graded","complete_null","",37.5,52.5,0.76732698797896,1.30322537284121
3,100,50,100,19.1332415441205,5.26953965436081,0.526953965436081,16.0851090662771,0.816266472959757,0.0816266472959757,0.942996203863183,0.0187509807740735,0.00187509807740735,0.125499788550557,0.0220740553168206,0.00220740553168206,0.127413202678284,0.0230470536111303,0.00230470536111303,0.511043811345153,0.00376992942776831,0.000376992942776831,0.594739124627429,0.00606321497965679,0.000606321497965679,0.385544022794597,0.0183410355656194,0.00183410355656194,0.944592580132562,0.0178986418015474,0.00178986418015474,0.051720505717343,0.00401491033695409,0.000401491033695409,0.990871573729189,0.0012623269376405,0.00012623269376405,0.0817328181664523,0.0842276419656222,0.00842276419656222,0.55214693877551,0.0525270391371204,0.00525270391371204,0.44785306122449,0.0525270391371204,0.00525270391371204,0,0,0,"graded","complete_null","",37.5,52.5,0.76732698797896,1.30322537284121
3,200,2,100,68.5416040810758,80.5267482238646,8.05267482238646,0.655915637273144,0.0518535329549961,0.00518535329549961,0.972492492466689,0.0189709851054407,0.00189709851054407,0.0860631141066421,0.0331372622964371,0.00331372622964371,0.0866662174297154,0.0337053000774468,0.00337053000774468,0.505250781947954,0.00371000064912241,0.000371000064912241,0.585516703819738,0.00582440234175919,0.000582440234175919,0.419187667841312,0.0295810787944221,0.00295810787944221,0.97279919541431,0.0187301235946144,0.00187301235946144,0.0362215279549941,0.0145565724353949,0.00145565724353949,0.995685817087898,0.00425202592206641,0.000425202592206641,0.044599919153956,0.750263118998477,0.0750263118998477,0.57,0.497569851956243,0.0497569851956243,0.43,0.497569851956243,0.0497569851956243,0,0,0,"graded","complete_null","",37.5,52.5,0.76732698797896,1.30322537284121
3,200,5,100,45.9270756282018,29.92197774805,2.992197774805,1.64631828342524,0.107624780463882,0.0107624780463882,0.971008695195391,0.0148632431609978,0.00148632431609978,0.0881817301685049,0.0244128833630515,0.00244128833630515,0.0888306145746075,0.0248860465763551,0.00248860465763551,0.505506408627287,0.00287736987401929,0.000287736987401929,0.585918525198423,0.00452403678099852,0.000452403678099852,0.417324678458782,0.0216230854563096,0.00216230854563096,0.971514777550752,0.0144652300968044,0.00144652300968044,0.036523524659259,0.00897887452651971,0.000897887452651971,0.995490680624286,0.00233218473569173,0.000233218473569173,0.0977384043032107,0.30205357017705,0.030205357017705,0.573,0.199420878718069,0.0199420878718069,0.427,0.199420878718069,0.0199420878718069,0,0,0,"graded","complete_null","",37.5,52.5,0.76732698797896,1.30322537284121
3,200,10,100,39.5180456196265,16.5632218999419,1.65632218999419,3.30550146783435,0.173776933618233,0.0173776933618233,0.969890967688015,0.0130807354187168,0.00130807354187168,0.0904144650045559,0.0217349653171214,0.00217349653171214,0.0911021247771858,0.0221576828505407,0.00221576828505407,0.50574901295242,0.00255382398232397,0.000255382398232397,0.586298420760307,0.00401114934715682,0.000401114934715682,0.415334547947864,0.0192311058602106,0.00192311058602106,0.970283030872455,0.0128701574642887,0.00128701574642887,0.036792032521978,0.00704775003658232,0.000704775003658232,0.995439457470502,0.00165520869443607,0.000165520869443607,0.0957645039600632,0.174049601084575,0.0174049601084575,0.567555555555556,0.117733935045421,0.0117733935045421,0.432444444444444,0.117733935045421,0.0117733935045421,0,0,0,"graded","complete_null","",37.5,52.5,0.76732698797896,1.30322537284121
3,200,50,100,37.0828023987846,12.2427365211303,1.22427365211303,16.4525357162005,0.705742337385744,0.0705742337385744,0.969633731917949,0.0110786192161195,0.00110786192161195,0.090294450861466,0.0175453971824676,0.00175453971824676,0.091004494185932,0.0179226465770692,0.00179226465770692,0.505786997366381,0.00213578252864273,0.000213578252864273,0.586364350519506,0.00336051354569858,0.000336051354569858,0.415492546504915,0.0154250927731275,0.00154250927731275,0.970142561714449,0.010716949735344,0.0010716949735344,0.0366109732178238,0.00414361763049784,0.000414361763049784,0.995534974610732,0.000715574218085388,7.15574218085388e-05,0.102847146375118,0.110503984053179,0.0110503984053179,0.565412244897959,0.0697502172803461,0.00697502172803461,0.434587755102041,0.0697502172803461,0.00697502172803461,0,0,0,"graded","complete_null","",37.5,52.5,0.76732698797896,1.30322537284121
3,500,2,100,142.368385001827,140.107472365887,14.0107472365887,0.659343747205965,0.0328284704401617,0.00328284704401617,0.987377663591602,0.00922407786005343,0.000922407786005343,0.0578257827849957,0.0220286137938851,0.00220286137938851,0.0580140216210955,0.0222186086855677,0.00222186086855677,0.502395283189494,0.00177030055100846,0.000177030055100846,0.581056183539238,0.00275127445849742,0.000275127445849742,0.444569500404498,0.0203269188166993,0.00203269188166993,0.987407773164874,0.00918590865898994,0.000918590865898994,0.0217788145872787,0.00821763632519113,0.000821763632519113,0.998474113614649,0.00146603033098575,0.000146603033098575,0.113276340734649,0.689377706955584,0.0689377706955584,0.54,0.500908265962033,0.0500908265962033,0.46,0.500908265962033,0.0500908265962033,0,0,0,"graded","complete_null","",37.5,52.5,0.76732698797896,1.30322537284121
3,500,5,100,115.139067433199,78.5727022583024,7.85727022583024,1.65082072693965,0.0587027632421103,0.00587027632421103,0.987986475816076,0.00637693739271456,0.000637693739271456,0.0560769478433354,0.0156481219727985,0.00156481219727985,0.0562525283564938,0.0157762633801854,0.00157762633801854,0.502274821608062,0.0012205258748987,0.00012205258748987,0.580869240204149,0.0018966575847441,0.00018966575847441,0.446197873764726,0.0144776438610059,0.00144776438610059,0.988035397962332,0.00633549452200396,0.000633549452200396,0.0227725405832699,0.00584791448234879,0.000584791448234879,0.998344940010089,0.00081308567920866,8.13085679208659e-05,0.142262542786735,0.288615938961203,0.0288615938961203,0.583,0.201537023192196,0.0201537023192196,0.417,0.201537023192196,0.0201537023192196,0,0,0,"graded","complete_null","",37.5,52.5,0.76732698797896,1.30322537284121
3,500,10,100,106.211008544662,65.0014694181357,6.50014694181357,3.31134625779071,0.0932553070157633,0.00932553070157633,0.987890316585912,0.00592240662180238,0.000592240662180238,0.0558589125310066,0.0143213374790897,0.00143213374790897,0.0560386660879493,0.0144430752317672,0.00144430752317672,0.502286862256444,0.0011236405131811,0.00011236405131811,0.580888599895466,0.00174637771872229,0.000174637771872229,0.446427949725438,0.0132306603184921,0.00132306603184921,0.987979075620746,0.00583012475866963,0.000583012475866963,0.0225709185016081,0.00432253235454541,0.000432253235454541,0.998294413981697,0.0006090946785433,6.090946785433e-05,0.0942206340347621,0.168869607288967,0.0168869607288967,0.556444444444444,0.114795045544684,0.0114795045544684,0.443555555555556,0.114795045544684,0.0114795045544684,0,0,0,"graded","complete_null","",37.5,52.5,0.76732698797896,1.30322537284121
3,500,50,100,91.9656617741462,29.5768469454697,2.95768469454697,16.5748105446863,0.382678948665754,0.0382678948665754,0.987768994625977,0.00473030232570772,0.000473030232570772,0.0566754194509039,0.0112608311458736,0.00112608311458736,0.0568539679589135,0.0113621833534901,0.00113621833534901,0.502309147192576,0.000900898791480947,9.00898791480947e-05,0.58092240934429,0.00139991203352674,0.000139991203352674,0.445633727741672,0.0103692471953539,0.00103692471953539,0.987855469635929,0.00467681922111725,0.000467681922111725,0.0231810525301895,0.00227922709269245,0.000227922709269245,0.998229799569134,0.000249688502938768,2.49688502938768e-05,0.108509205360604,0.110123429192933,0.0110123429192933,0.568718367346939,0.0704316093598589,0.00704316093598589,0.431281632653061,0.0704316093598589,0.00704316093598589,0,0,0,"graded","complete_null","",37.5,52.5,0.76732698797896,1.30322537284121
3,1000,2,100,298.911974725854,311.177836535074,31.1177836535074,0.663986378900843,0.0221476612677523,0.00221476612677523,0.993830344544913,0.00467088441841304,0.000467088441841304,0.0405121457059728,0.0154834441595322,0.00154834441595322,0.0405757688676008,0.0155522129411194,0.00155522129411194,0.501164407183153,0.000893158943110843,8.93158943110843e-05,0.579147396798575,0.00138269044663125,0.000138269044663125,0.46065226147718,0.014633783235526,0.0014633783235526,0.993834781962866,0.00468710633593237,0.000468710633593237,0.0161469918102177,0.00596412366385324,0.000596412366385324,0.999084151373936,0.0009105534052558,9.105534052558e-05,0.0510297210546721,0.708426835027908,0.0708426835027908,0.53,0.501613558046592,0.0501613558046592,0.47,0.501613558046592,0.0501613558046592,0,0,0,"graded","complete_null","",37.5,52.5,0.76732698797896,1.30322537284121
3,1000,5,100,222.815036229881,130.619934605259,13.0619934605259,1.65983466240369,0.0444760037091432,0.00444760037091432,0.994082321970755,0.00309722848710992,0.000309722848710992,0.0396205211893041,0.0109015919160797,0.00109015919160797,0.0396796631293372,0.0109443520837743,0.00109443520837743,0.5011161260966,0.000589852473538181,5.89852473538181e-05,0.579072562902641,0.000912193491261922,9.12193491261922e-05,0.461495604907296,0.010333004276608,0.0010333004276608,0.994087277394204,0.00310471789228669,0.000310471789228669,0.016661095094715,0.00369311871013235,0.000369311871013235,0.99909876486765,0.000421719475264127,4.21719475264127e-05,0.112351549754453,0.297189269990917,0.0297189269990917,0.568,0.195856059287416,0.0195856059287416,0.432,0.195856059287416,0.0195856059287416,0,0,0,"graded","complete_null","",37.5,52.5,0.76732698797896,1.30322537284121
3,1000,10,100,203.844166070245,90.6998553349504,9.06998553349504,3.32128171918609,0.0712920298075174,0.00712920298075174,0.994133515623014,0.0025610510493237,0.00025610510493237,0.0392982536653347,0.009171349261887,0.0009171349261887,0.0393563346757525,0.00920664975024194,0.000920664975024194,0.501104869602091,0.000487315336302211,4.87315336302211e-05,0.57905508674506,0.000753348660129085,7.53348660129085e-05,0.461806615936757,0.0086946264917749,0.00086946264917749,0.994145868967633,0.00256769004862376,0.000256769004862376,0.0161461202594579,0.00263696849265468,0.000263696849265468,0.999140133780465,0.000264707260268802,2.64707260268802e-05,0.0840343853457557,0.163758183753167,0.0163758183753167,0.552,0.10770167514612,0.010770167514612,0.448,0.10770167514612,0.010770167514612,0,0,0,"graded","complete_null","",37.5,52.5,0.76732698797896,1.30322537284121
3,1000,50,100,183.096731120143,57.5728495698408,5.75728495698408,16.6181828951699,0.280663595835077,0.0280663595835077,0.993822294750616,0.00252207054851603,0.000252207054851603,0.0402495217880734,0.00837905526346254,0.000837905526346254,0.0403124955414186,0.00841675744953566,0.000841675744953566,0.501162565484417,0.000477182864151549,4.77182864151549e-05,0.579144364430082,0.000738087064258145,7.38087064258145e-05,0.460913043696343,0.00790672698052227,0.000790672698052227,0.993842708765937,0.00251029899353387,0.000251029899353387,0.0162697706482073,0.00168571003830566,0.000168571003830566,0.999125082800408,0.000134917232056946,1.34917232056946e-05,0.0979018725266691,0.09937877975322,0.009937877975322,0.561983673469388,0.0631616847784899,0.00631616847784898,0.438016326530612,0.0631616847784899,0.00631616847784898,0,0,0,"graded","complete_null","",37.5,52.5,0.76732698797896,1.30322537284121
5,100,2,100,12.4907470000651,8.41440114765197,0.841440114765197,0.630380156224087,0.0640049188694498,0.00640049188694498,0.892342072972793,0.0531659549129301,0.00531659549129301,0.187516183115011,0.0525669386689342,0.00525669386689342,0.192349601479203,0.0562747327349725,0.00562747327349725,0.52189031505106,0.0116013232508101,0.00116013232508101,0.61220966857799,0.0190588834344074,0.00190588834344074,0.334374131936048,0.0412357999962803,0.00412357999962803,0.893309477842346,0.0523093108437975,0.00523093108437975,0.0797351487964866,0.0202692843679198,0.00202692843679198,0.981454794854902,0.0123133188397123,0.00123133188397123,0.121347692272013,0.481916168773914,0.0481916168773914,0.57,0.497569851956243,0.0497569851956243,0.43,0.497569851956243,0.0497569851956243,0,0,0,"graded","complete_null","",37.5,52.5,0.76732698797896,1.30322537284121
5,100,5,100,9.99102033335296,3.30717183894818,0.330717183894818,1.5675315309735,0.121391611992311,0.0121391611992311,0.889387795380224,0.0342792070296952,0.00342792070296952,0.189407447803023,0.0334570988512071,0.00334570988512071,0.194278300680202,0.03576462945346,0.003576462945346,0.52219222781226,0.00732400983800976,0.000732400983800976,0.612670224053924,0.0120095521202119,0.00120095521202119,0.332784780009237,0.0262981947792284,0.00262981947792284,0.891727799421045,0.0331534363297548,0.00331534363297548,0.077397410550505,0.0131752327576716,0.00131752327576716,0.981574631773311,0.00625304987009481,0.000625304987009481,0.074750041762132,0.191743840401672,0.0191743840401672,0.562,0.183005216021044,0.0183005216021044,0.438,0.183005216021044,0.0183005216021044,0,0,0,"graded","complete_null","",37.5,52.5,0.76732698797896,1.30322537284121
5,100,10,100,9.57149211844516,2.60601497270502,0.260601497270502,3.15852436456985,0.209077239210028,0.0209077239210028,0.888156940551351,0.0284823563883115,0.00284823563883115,0.189540072433519,0.0278196187644585,0.00278196187644585,0.194546669401373,0.0297737148932746,0.00297737148932746,0.522407359426565,0.00608476019913858,0.000608476019913858,0.61305613288359,0.00998771363330792,0.000998771363330792,0.332867286993045,0.0218326358941413,0.00218326358941413,0.890973777442873,0.0275013526213374,0.00275013526213374,0.0766747837928565,0.00945240605772047,0.000945240605772047,0.982264239706535,0.00400582317470371,0.000400582317470371,0.0968530757774013,0.131760792610893,0.0131760792610893,0.584666666666667,0.123735958213576,0.0123735958213576,0.415333333333333,0.123735958213576,0.0123735958213576,0,0,0,"graded","complete_null","",37.5,52.5,0.76732698797896,1.30322537284121
5,100,50,100,9.4303666067637,1.93861180038812,0.193861180038812,15.8864313795102,0.777320086036381,0.0777320086036381,0.889552659609287,0.022216396534226,0.0022216396534226,0.188280941258881,0.0215353450805346,0.00215353450805346,0.193148096611426,0.0230509194246578,0.00230509194246578,0.522047101426203,0.00470289845306812,0.000470289845306812,0.61245675523627,0.0076994677839552,0.00076994677839552,0.333766160167322,0.0168598364862499,0.00168598364862499,0.892532734089949,0.0213483118982697,0.00213483118982697,0.0772828514362164,0.00499313352645723,0.000499313352645724,0.981940446617975,0.00174702198052338,0.000174702198052338,0.0993287151470058,0.0828045127429267,0.00828045127429267,0.58494693877551,0.0701094144389632,0.00701094144389632,0.41505306122449,0.0701094144389632,0.00701094144389632,0,0,0,"graded","complete_null","",37.5,52.5,0.76732698797896,1.30322537284121
5,200,2,100,22.7756875078116,15.8822601008623,1.58822601008623,0.647568541588334,0.0494444145754117,0.00494444145754117,0.938987433550092,0.0310953362167583,0.00310953362167583,0.136177777316881,0.0379382260811439,0.00379382260811439,0.138073088767202,0.0393344925859484,0.00393344925859484,0.51182206714547,0.00622350988149337,0.000622350988149337,0.595895907754728,0.00992139410396635,0.000992139410396635,0.37564428982859,0.0318591014610657,0.00318591014610657,0.940176029979467,0.0301451837889179,0.00301451837889179,0.0545938316436797,0.0148166486487376,0.00148166486487376,0.990982679182242,0.0073387342008414,0.00073387342008414,0.0975595330512167,0.497934848637473,0.0497934848637473,0.62,0.487831731214563,0.0487831731214563,0.38,0.487831731214563,0.0487831731214563,0,0,0,"graded","complete_null","",37.5,52.5,0.76732698797896,1.30322537284121
5,200,5,100,19.6237931466727,7.66059586323183,0.766059586323183,1.62726693579007,0.0836012593770214,0.00836012593770214,0.941163774295284,0.0229097346006756,0.00229097346006756,0.133670177012588,0.0282247539876114,0.00282247539876114,0.135437193997722,0.0292615684853053,0.00292615684853053,0.511370916230526,0.00463180780414729,0.000463180780414729,0.595167164576721,0.00737636303447974,0.000737636303447974,0.377700739217939,0.0236839665911373,0.00236839665911373,0.94228442902576,0.0224853725572237,0.00224853725572237,0.054828609503611,0.0085625189756914,0.00085625189756914,0.990959641857704,0.00308508810124159,0.000308508810124159,0.0942685198901814,0.190797844737512,0.0190797844737512,0.577,0.191672595428725,0.0191672595428725,0.423,0.191672595428725,0.0191672595428725,0,0,0,"graded","complete_null","",37.5,52.5,0.76732698797896,1.30322537284121
5,200,10,100,18.4218883289579,5.855199320605,0.5855199320605,3.25219097472319,0.139932432386221,0.0139932432386221,0.940159789906415,0.0192186839010509,0.00192186839010509,0.135718907783614,0.0233232337376549,0.00233232337376549,0.137527062107779,0.0241995436401608,0.00241995436401608,0.511613363105123,0.00386945934211643,0.000386945934211643,0.595547668412118,0.00615941567503029,0.000615941567503029,0.375894455321509,0.0195017564418213,0.00195017564418213,0.941060474285212,0.0188011641400599,0.00188011641400599,0.0550819394206139,0.00637767481049923,0.000637767481049923,0.99097336830669,0.00192820312176251,0.000192820312176251,0.104045689971446,0.123948385958163,0.0123948385958163,0.585555555555555,0.119956553634827,0.0119956553634827,0.414444444444444,0.119956553634827,0.0119956553634827,0,0,0,"graded","complete_null","",37.5,52.5,0.76732698797896,1.30322537284121
5,200,50,100,17.5764310726304,3.68833574741569,0.368833574741569,16.2837640550589,0.607179695153391,0.0607179695153391,0.940464809342408,0.0132788079470238,0.00132788079470238,0.135532988917008,0.0162703918083099,0.00162703918083099,0.137319546557376,0.016879175877415,0.0016879175877415,0.511544623728348,0.00266695936418192,0.000266695936418192,0.595436662122361,0.00424513523153297,0.000424513523153297,0.37601163481134,0.0136194028573588,0.00136194028573588,0.941377850246552,0.0129647050127001,0.00129647050127001,0.0546875223688133,0.00402486746916128,0.000402486746916128,0.991087835089274,0.00099437031758627,9.9437031758627e-05,0.108786659049756,0.0821750680417563,0.00821750680417563,0.590669387755102,0.0696612413863505,0.00696612413863505,0.409330612244898,0.0696612413863505,0.00696612413863505,0,0,0,"graded","complete_null","",37.5,52.5,0.76732698797896,1.30322537284121
5,500,2,100,56.0680100615397,33.6725495698638,3.36725495698638,0.660657718735959,0.0286726103923954,0.00286726103923954,0.977093106288347,0.0105797302563482,0.00105797302563482,0.0831787879122025,0.0205176228602869,0.00205176228602869,0.0835798404219242,0.0207750787984186,0.00207750787984186,0.504354622607788,0.00203812496836105,0.000203812496836105,0.584097417079723,0.00317487190000884,0.000317487190000884,0.421175834695586,0.0185272268450489,0.00185272268450489,0.977204433386385,0.0105045839467621,0.00105045839467621,0.0340980871810067,0.00906219089603172,0.000906219089603172,0.996497304175053,0.00238234686625858,0.000238234686625858,0.0619412685731042,0.5375986188905,0.05375986188905,0.55,0.5,0.05,0.45,0.5,0.05,0,0,0,"graded","complete_null","",37.5,52.5,0.76732698797896,1.30322537284121
5,500,5,100,50.4141495044306,21.9472658499407,2.19472658499407,1.65129927419114,0.0504844098113846,0.00504844098113846,0.976780306255537,0.00919767681737001,0.000919767681737001,0.0832598646103941,0.0168059466881774,0.00168059466881774,0.0836740323581359,0.0170448857730516,0.00170448857730516,0.504398407538378,0.00175889442351718,0.000175889442351718,0.584167828008023,0.00274518531321056,0.000274518531321056,0.421138542927984,0.0150854877291503,0.00150854877291503,0.976998994414637,0.00901748731573732,0.000901748731573732,0.0335650246881713,0.00510371078149247,0.000510371078149247,0.99665605999657,0.00100363705819764,0.000100363705819764,0.106501360932085,0.202049432807857,0.0202049432807857,0.587,0.179592692929126,0.0179592692929126,0.413,0.179592692929126,0.0179592692929126,0,0,0,"graded","complete_null","",37.5,52.5,0.76732698797896,1.30322537284121
5,500,10,100,48.0369410593091,18.3171418781301,1.83171418781301,3.30558547001033,0.0913199498585534,0.00913199498585534,0.976723757797559,0.00766408501533751,0.000766408501533751,0.0831915881433908,0.014056621374865,0.0014056621374865,0.0836113701202193,0.0142580122542119,0.00142580122542119,0.504418371028448,0.00146895998396125,0.000146895998396125,0.584199619286116,0.00229223572552695,0.000229223572552695,0.421226782885057,0.012611409398398,0.0012611409398398,0.976902784669905,0.00753469686496758,0.000753469686496758,0.0337947685344057,0.00413327003625338,0.000413327003625338,0.996597928490502,0.000721847667198529,7.21847667198529e-05,0.103949672229433,0.132721842138407,0.0132721842138407,0.587111111111111,0.120570618204897,0.0120570618204897,0.412888888888889,0.120570618204897,0.0120570618204897,0,0,0,"graded","complete_null","",37.5,52.5,0.76732698797896,1.30322537284121
5,500,50,100,45.09322755636,10.6288985222625,1.06288985222625,16.5379932245899,0.407359106239159,0.0407359106239159,0.976550550659877,0.00585736439747497,0.000585736439747497,0.0839292315715439,0.0108024892990159,0.00108024892990159,0.0843473601487197,0.0109600611679525,0.00109600611679525,0.504451531067526,0.00112999746902303,0.000112999746902303,0.584249640999028,0.00176320241349364,0.000176320241349364,0.420522299495982,0.00968165536439182,0.000968165536439182,0.976716548106812,0.00579681747554072,0.000579681747554073,0.034463001753916,0.00236129347164939,0.000236129347164939,0.996467007854071,0.000357939471059954,3.57939471059954e-05,0.103482355291306,0.0738171063621611,0.00738171063621611,0.58690612244898,0.0626915197453976,0.00626915197453976,0.41309387755102,0.0626915197453976,0.00626915197453976,0,0,0,"graded","complete_null","",37.5,52.5,0.76732698797896,1.30322537284121
5,1000,2,100,129.113055170764,119.832353342843,11.9832353342843,0.663329366751011,0.0229087971402932,0.00229087971402932,0.98829663853202,0.00674981079853412,0.000674981079853412,0.0585682566817307,0.0176950672352485,0.00176950672352485,0.0587158253144303,0.0178150860683375,0.00178150860683375,0.502207752787559,0.00127735261549493,0.000127735261549493,0.580761048289328,0.00198077460286007,0.000198077460286007,0.443639496105828,0.01645533755723,0.001645533755723,0.988344575897789,0.00667085541783354,0.000667085541783354,0.0242910906996014,0.00603001861457752,0.000603001861457752,0.998103343076056,0.00127975074761773,0.000127975074761773,0.0401847429150277,0.483144202809043,0.0483144202809043,0.51,0.502418393795691,0.0502418393795691,0.49,0.502418393795691,0.0502418393795691,0,0,0,"graded","complete_null","",37.5,52.5,0.76732698797896,1.30322537284121
5,1000,5,100,103.938652124497,43.5244247893161,4.35244247893161,1.6581850244347,0.0388151747971991,0.0038815174797199,0.988730341761205,0.00455720314289412,0.000455720314289412,0.0578145091876966,0.0120457872646371,0.00120457872646371,0.0579535012631852,0.0121276564532543,0.00121276564532543,0.502132481104864,0.000868947251664264,8.68947251664264e-05,0.580644179699031,0.00134677445381665,0.000134677445381665,0.444317971917167,0.0111925222790691,0.00111925222790691,0.988736220361581,0.00454441711397309,0.000454441711397309,0.0242577020239311,0.00392358065702211,0.000392358065702211,0.998218985585463,0.000598876189388811,5.98876189388811e-05,0.0834597720065651,0.194817366284818,0.0194817366284818,0.58,0.201509455376319,0.0201509455376319,0.42,0.201509455376319,0.0201509455376319,0,0,0,"graded","complete_null","",37.5,52.5,0.76732698797896,1.30322537284121
5,1000,10,100,94.0357814662272,30.1912377733146,3.01912377733146,3.31531551059812,0.0651892726675707,0.00651892726675707,0.988211432865029,0.00398770815047018,0.000398770815047018,0.059083049257733,0.0101722699096993,0.00101722699096993,0.0592322115767508,0.0102462028494529,0.00102462028494529,0.502228096244149,0.000758708692891652,7.58708692891652e-05,0.580792562555279,0.0011763695571592,0.00011763695571592,0.443145046986416,0.00942591198075255,0.000942591198075255,0.988237994922495,0.003963455774648,0.0003963455774648,0.0239657680037275,0.00306480019647899,0.000306480019647899,0.99827440821802,0.000401789643318648,4.01789643318648e-05,0.0985109476046157,0.131234342959472,0.0131234342959472,0.583111111111111,0.122741271088345,0.0122741271088345,0.416888888888889,0.122741271088345,0.0122741271088345,0,0,0,"graded","complete_null","",37.5,52.5,0.76732698797896,1.30322537284121
5,1000,50,100,89.4711628374771,21.3348772402463,2.13348772402463,16.567254720333,0.252532098178942,0.0252532098178942,0.988069319366821,0.00337803811425004,0.000337803811425004,0.0593780917884041,0.00837152226263708,0.000837152226263708,0.0595290297519975,0.00843704850331612,0.000843704850331612,0.502250377303609,0.000642876980133481,6.42876980133481e-05,0.580826958614657,0.000996937156166743,9.96937156166743e-05,0.442872285515205,0.00773193621809995,0.000773193621809995,0.988120195823164,0.0033566118443198,0.00033566118443198,0.024265470355819,0.00169359347601203,0.000169359347601203,0.998225138888607,0.000172498382652248,1.72498382652248e-05,0.0979802713349962,0.0776093499589651,0.00776093499589651,0.582857142857143,0.0662490167549843,0.00662490167549843,0.417142857142857,0.0662490167549843,0.00662490167549843,0,0,0,"graded","complete_null","",37.5,52.5,0.76732698797896,1.30322537284121
10,100,2,100,5.01479922105002,2.01058772084436,0.201058772084436,0.608876187246176,0.0715938569135915,0.00715938569135915,0.775914842195529,0.0700653792109451,0.00700653792109451,0.290949074304069,0.0543798481863458,0.00543798481863458,0.306850045509469,0.0629839977233918,0.00629839977233918,0.548860180556923,0.0171950440550248,0.00171950440550248,0.657636766267444,0.0300146137700471,0.00300146137700471,0.257911106252854,0.0373773661239321,0.00373773661239321,0.778475176821092,0.0677063732268474,0.00677063732268474,0.125374760471982,0.0193448849420129,0.00193448849420129,0.959205219394243,0.0172869693534717,0.00172869693534717,0.163280331746289,0.323222364894391,0.0323222364894391,0.73,0.446196043338474,0.0446196043338474,0.27,0.446196043338474,0.0446196043338474,0,0,0,"graded","complete_null","",37.5,52.5,0.76732698797896,1.30322537284121
10,100,5,100,4.59336461649824,1.05830503304687,0.105830503304687,1.51045613423918,0.137606098006224,0.0137606098006224,0.772140732817526,0.0466121627586887,0.00466121627586887,0.29291538588296,0.0361422040339291,0.00361422040339291,0.308839324292179,0.0420269352025662,0.00420269352025662,0.549240950877388,0.0116022961248814,0.00116022961248814,0.658192641886565,0.0203135052036413,0.00203135052036413,0.256325564994428,0.0246864345689279,0.00246864345689279,0.776425647911633,0.0453879956618299,0.00453879956618299,0.12515548936327,0.0137420914197232,0.00137420914197232,0.956974392267056,0.0102669115928354,0.00102669115928354,0.125484339617242,0.152357163400334,0.0152357163400334,0.647,0.186653138037896,0.0186653138037896,0.353,0.186653138037896,0.0186653138037896,0,0,0,"graded","complete_null","",37.5,52.5,0.76732698797896,1.30322537284121
10,100,10,100,4.57305733142108,0.79886890855445,0.079886890855445,3.01527377556501,0.218520909622837,0.0218520909622837,0.774956632618588,0.0378553407669538,0.00378553407669538,0.290478278913257,0.0294495674622309,0.00294495674622309,0.306022251031055,0.034198311150566,0.0034198311150566,0.548478979998215,0.00941621498840981,0.000941621498840981,0.656868834673778,0.016432184364603,0.0016432184364603,0.258000701084958,0.0201062236705657,0.00201062236705657,0.779460461794203,0.0370125519235971,0.00370125519235971,0.125186883030044,0.0103359146850989,0.00103359146850989,0.95642021574716,0.00699417054448651,0.000699417054448651,0.115085969361375,0.10537277112304,0.010537277112304,0.634888888888889,0.119200688296191,0.0119200688296191,0.365111111111111,0.119200688296191,0.0119200688296191,0,0,0,"graded","complete_null","",37.5,52.5,0.76732698797896,1.30322537284121
10,100,50,100,4.52118227075584,0.640638664922728,0.0640638664922728,15.0934874985293,0.885285125757483,0.0885285125757483,0.774309751581341,0.0325992466946199,0.00325992466946199,0.290826943591306,0.0250564543910402,0.00250564543910402,0.306469288591845,0.0293040584758161,0.00293040584758161,0.548609643916683,0.0081414092682473,0.00081414092682473,0.657119027108033,0.0142721734220038,0.00142721734220038,0.257782700325377,0.0169393222357141,0.00169393222357141,0.779034170240499,0.0316698290692261,0.00316698290692261,0.12479823826796,0.00543175437967095,0.000543175437967095,0.95690821318257,0.00288476150129438,0.000288476150129438,0.118435544074938,0.0588953564919713,0.00588953564919713,0.640228571428571,0.0662323596417697,0.00662323596417697,0.359771428571429,0.0662323596417697,0.00662323596417697,0,0,0,"graded","complete_null","",37.5,52.5,0.76732698797896,1.30322537284121
10,200,2,100,9.2754458593785,3.28351163207109,0.328351163207109,0.633264985538174,0.0433721278827204,0.00433721278827204,0.879305026086607,0.040516050814366,0.0040516050814366,0.204354102052134,0.0376266821851326,0.00376266821851326,0.209682546015422,0.0406003736373434,0.00406003736373434,0.524545197064775,0.00890413114573493,0.000890413114573493,0.616368908026998,0.0146421674169412,0.00146421674169412,0.32019109501264,0.0288368962692764,0.00288368962692764,0.879982725318098,0.0399091214758307,0.00399091214758306,0.0868356178120569,0.0139223338451638,0.00139223338451638,0.979794458362053,0.00885918487580605,0.000885918487580605,0.131260196893313,0.334530784595281,0.0334530784595281,0.69,0.464823198711732,0.0464823198711732,0.31,0.464823198711732,0.0464823198711732,0,0,0,"graded","complete_null","",37.5,52.5,0.76732698797896,1.30322537284121
10,200,5,100,8.72461340603275,2.08742534133625,0.208742534133625,1.57929754105285,0.0750316574693179,0.00750316574693179,0.879198765622043,0.0274115701592364,0.00274115701592364,0.204176303596001,0.0252334930617755,0.00252334930617755,0.209393891237766,0.0271720469508634,0.00271720469508634,0.524375498773642,0.00589824570823323,0.000589824570823323,0.61606237779106,0.00966908293024465,0.000966908293024465,0.320199195177641,0.0193836095332339,0.00193836095332339,0.88055952177146,0.0266099609807526,0.00266099609807526,0.086506523032475,0.00942963045566082,0.000942963045566082,0.979315692006925,0.00490543852180518,0.000490543852180518,0.112303586448402,0.149644913244605,0.0149644913244605,0.639,0.206898696726371,0.0206898696726371,0.361,0.206898696726371,0.0206898696726371,0,0,0,"graded","complete_null","",37.5,52.5,0.76732698797896,1.30322537284121
10,200,10,100,8.39701368073788,1.73255859631068,0.173255859631068,3.16070224976031,0.119531462031918,0.0119531462031918,0.876204653347103,0.0240591882426739,0.00240591882426739,0.206847226998848,0.0223032155236943,0.00223032155236943,0.21224857995367,0.0240194838790338,0.00240194838790338,0.524979478638963,0.00521991500825746,0.000521991500825746,0.617041487847907,0.00854918434806979,0.000854918434806979,0.318132251640115,0.0171122525011809,0.00171122525011809,0.877771979027988,0.0235802593657325,0.00235802593657325,0.0858370012687258,0.00622824033620237,0.000622824033620237,0.979527210635462,0.00264880445786726,0.000264880445786726,0.110335233943754,0.100612965991781,0.0100612965991781,0.635777777777778,0.121834708607498,0.0121834708607498,0.364222222222222,0.121834708607498,0.0121834708607498,0,0,0,"graded","complete_null","",37.5,52.5,0.76732698797896,1.30322537284121
10,200,50,100,8.31171332064126,1.27655870585626,0.127655870585626,15.8455731139406,0.526122168691237,0.0526122168691237,0.876748340543757,0.0197520852530209,0.00197520852530209,0.206258088392983,0.0181152250535654,0.00181152250535654,0.211609913852518,0.019553048248245,0.0019553048248245,0.52483430507585,0.00428435464788238,0.000428435464788238,0.616803555662053,0.00702924557364158,0.000702924557364158,0.318576216682867,0.0138449422872988,0.00138449422872988,0.878422305962598,0.0192716284666158,0.00192716284666158,0.0859499700209367,0.00364649925173589,0.000364649925173589,0.979472723404702,0.00135944986210767,0.000135944986210767,0.115592605802286,0.0595167266359143,0.00595167266359143,0.638277551020408,0.0689799353263329,0.00689799353263329,0.361722448979592,0.0689799353263329,0.00689799353263329,0,0,0,"graded","complete_null","",37.5,52.5,0.76732698797896,1.30322537284121
10,500,2,100,22.9468600783257,8.29476454600258,0.829476454600258,0.654622347021964,0.0319629961742078,0.00319629961742078,0.951394122501547,0.0161159778916931,0.00161159778916931,0.126269396439476,0.0215520823905117,0.00215520823905117,0.127460100006827,0.0221785026356596,0.00221785026356596,0.50938180372343,0.00322749607594254,0.000322749607594254,0.591962839235763,0.00509621213084568,0.000509621213084568,0.383112407283954,0.0183714353576397,0.00183714353576397,0.951611191244308,0.0160223221728783,0.00160223221728783,0.0539422829419582,0.0087127838706905,0.00087127838706905,0.991833528088609,0.00386461502780851,0.000386461502780851,0.112287675688663,0.335755686709197,0.0335755686709197,0.63,0.48523658709391,0.048523658709391,0.37,0.48523658709391,0.048523658709391,0,0,0,"graded","complete_null","",37.5,52.5,0.76732698797896,1.30322537284121
10,500,5,100,20.5626790365698,4.99542120794839,0.499542120794839,1.63511627371198,0.0558861475562308,0.00558861475562308,0.948629051740888,0.0118972121582844,0.00118972121582844,0.129996437799143,0.0155882073905039,0.00155882073905039,0.13129248467183,0.0160527381522626,0.00160527381522626,0.509932575624293,0.00236673959231763,0.000236673959231763,0.592830017767534,0.00373519138233273,0.000373519138233273,0.379936137825149,0.0132419965129441,0.00132419965129441,0.948858172990239,0.011759549404288,0.0011759549404288,0.053967045034357,0.0052991100790887,0.00052991100790887,0.992001095680566,0.00179503096303243,0.000179503096303243,0.126410850280623,0.144564708206288,0.0144564708206288,0.652,0.197192414876558,0.0197192414876558,0.348,0.197192414876558,0.0197192414876558,0,0,0,"graded","complete_null","",37.5,52.5,0.76732698797896,1.30322537284121
10,500,10,100,20.1826034228097,4.45121779979637,0.445121779979637,3.26881149400001,0.0893919628812258,0.00893919628812257,0.948134747435441,0.0109790771520262,0.00109790771520262,0.13018591521106,0.0143665759430154,0.00143665759430155,0.131509896305536,0.014796754692212,0.0014796754692212,0.510017487525356,0.00217638396335563,0.000217638396335563,0.592967881820212,0.0034360174383619,0.00034360174383619,0.379831572314297,0.0122074849320632,0.00122074849320632,0.948469806256445,0.0108042413985296,0.00108042413985296,0.0536753347711868,0.00394629450555945,0.000394629450555945,0.991948553037836,0.00120820266274672,0.000120820266274672,0.11392589548164,0.0904428305689838,0.00904428305689838,0.632444444444444,0.109296974601037,0.0109296974601037,0.367555555555556,0.109296974601037,0.0109296974601037,0,0,0,"graded","complete_null","",37.5,52.5,0.76732698797896,1.30322537284121
10,500,50,100,19.7319017541659,2.8103840204233,0.28103840204233,16.3062035010656,0.385041184161526,0.0385041184161526,0.948234354439496,0.00783616200634538,0.000783616200634538,0.130238540191216,0.010322371742971,0.0010322371742971,0.131550471010982,0.0106321761721336,0.00106321761721336,0.509996759643335,0.00156050389832384,0.000156050389832384,0.592932127756031,0.00246324145551083,0.000246324145551083,0.379758219452119,0.00876842277279294,0.000876842277279294,0.948546947815356,0.00775061614650665,0.000775061614650665,0.0537568351840942,0.00209297450915421,0.000209297450915421,0.992001483686007,0.0005301926642072,5.301926642072e-05,0.121088358460983,0.0622670782855964,0.00622670782855964,0.64490612244898,0.0735087271850943,0.00735087271850943,0.35509387755102,0.0735087271850943,0.00735087271850943,0,0,0,"graded","complete_null","",37.5,52.5,0.76732698797896,1.30322537284121
10,1000,2,100,39.7901911734563,14.3835821017312,1.43835821017312,0.660876488307872,0.0207119061214042,0.00207119061214042,0.971911955341826,0.00915040454676522,0.000915040454676522,0.0951145435991323,0.0160406634576501,0.00160406634576501,0.0956241745607858,0.0162858603445804,0.00162858603445804,0.505358094338608,0.00176783919341531,0.000176783919341531,0.585654209346529,0.00275759113320307,0.000275759113320307,0.410243550739476,0.0142955082929477,0.00142955082929477,0.971972060111481,0.00907496390017234,0.000907496390017234,0.0368126313869784,0.00637406848762795,0.000637406848762795,0.996209975182125,0.00163068376659006,0.000163068376659006,0.100979274072084,0.308173741425259,0.0308173741425259,0.62,0.487831731214563,0.0487831731214563,0.38,0.487831731214563,0.0487831731214563,0,0,0,"graded","complete_null","",37.5,52.5,0.76732698797896,1.30322537284121
10,1000,5,100,38.7499428169092,9.76360686580377,0.976360686580377,1.64737051596864,0.0375672150708218,0.00375672150708218,0.972545309439154,0.00698068210589092,0.000698068210589092,0.0940224118241513,0.0120902502148271,0.00120902502148271,0.0945145887017197,0.0122819412579095,0.00122819412579095,0.505232802843599,0.00135274109575395,0.000135274109575395,0.585459045817396,0.00211146507191887,0.000211146507191887,0.411210391019447,0.0107535770147082,0.00107535770147082,0.97261742648779,0.00693205409754932,0.000693205409754932,0.0368813640973184,0.00398109706927191,0.000398109706927191,0.996085418225954,0.00101841134121483,0.000101841134121483,0.0957224756106688,0.140394700662838,0.0140394700662838,0.62,0.184226474588735,0.0184226474588735,0.38,0.184226474588735,0.0184226474588735,0,0,0,"graded","complete_null","",37.5,52.5,0.76732698797896,1.30322537284121
10,1000,10,100,36.9086533827443,7.11253228903477,0.711253228903477,3.2940126077338,0.0648546692906502,0.00648546692906502,0.971925523571872,0.00541448953581583,0.000541448953581583,0.0951821566641617,0.00933097045530934,0.000933097045530934,0.0956888704518802,0.00948044430736322,0.000948044430736322,0.505349423800184,0.00104781604677076,0.000104781604677076,0.585640316724439,0.00163546609649769,0.000163546609649769,0.410167267136022,0.00829319491090173,0.000829319491090173,0.972012890411507,0.0053696655426044,0.00053696655426044,0.0373766524564024,0.00270815657265992,0.000270815657265992,0.996032689514624,0.000660575960046252,6.60575960046252e-05,0.105969664737583,0.0816967398756652,0.00816967398756652,0.632444444444444,0.104012047610532,0.0104012047610532,0.367555555555556,0.104012047610532,0.0104012047610532,0,0,0,"graded","complete_null","",37.5,52.5,0.76732698797896,1.30322537284121
10,1000,50,100,37.1328556748052,5.63767851622463,0.563767851622463,16.4849852767104,0.25909852160058,0.025909852160058,0.972383481672074,0.00464817493762927,0.000464817493762927,0.094295060010248,0.00798836448892076,0.000798836448892076,0.0947903787105203,0.00811822488263896,0.000811822488263896,0.505260027399939,0.000900837800899604,9.00837800899604e-05,0.585501225381647,0.00140578075594075,0.000140578075594075,0.410964967389691,0.00709055705698799,0.000709055705698799,0.972475210636946,0.0046187147117206,0.00046187147117206,0.0377675143077098,0.00147469639409102,0.000147469639409102,0.99601505055419,0.000266898170126366,2.66898170126366e-05,0.113241672035989,0.0573077364570529,0.00573077364570529,0.637102040816326,0.066762202318062,0.0066762202318062,0.362897959183673,0.066762202318062,0.0066762202318062,0,0,0,"graded","complete_null","",37.5,52.5,0.76732698797896,1.30322537284121
